Source,Type,Status,Content,Policy Date,Link,Notes
Alamance,Driver's Education Course,Ambiguous,Website,,https://www.abss.k12.nc.us/page/driver-education,
Alamance,Other,Ambiguous,District Board Policy,1/14/2025,https://boardpolicyonline.com/bl/?b=alamance_burlington_new&s=653279,JROTC
Alamance,Sports,Ambiguous,District Board Policy,8/25/2025,https://boardpolicyonline.com/bl/?b=alamance_burlington_new&s=1036762,
Alamance,K-12 Dual Enrollment inCore Academic Classes,Ambiguous,District Board Policy,8/25/2025,https://boardpolicyonline.com/bl/?b=alamance_burlington_new&s=1036762,
Alamance,Extracurricular Activities,Ambiguous,District Board Policy,8/25/2025,https://boardpolicyonline.com/bl/?b=alamance_burlington_new&s=1036762,
Alexander,Driver's Education Course,Ambiguous,Website,,https://www.alexander.k12.nc.us/departments/driver-education,
Alexander,K-12 Dual Enrollment inCore Academic Classes,Ambiguous,District Board Policy,7/20/2021,https://www.boardpolicyonline.com/bl/?b=alexander&s=364277,
Alexander,Other,Ambiguous,District Board Policy,11/12/2024,https://www.boardpolicyonline.com/bl/?b=alexander&s=364267,JROTC
Alexander,Sports,Ambiguous,District Board Policy,11/12/2024,https://www.boardpolicyonline.com/bl/?b=alexander&s=364252,
Alexander,Extracurricular Activities,Ambiguous,District Board Policy,11/12/2024,https://www.boardpolicyonline.com/bl/?b=alexander&s=364252,
Anson,Other,Ambiguous,District Board Policy,10/28/2024,https://boardpolicyonline.com/bl/?b=anson&s=139254,JROTC
Anson,Sports,Ambiguous,District Board Policy,5/19/2025,https://boardpolicyonline.com/bl/?b=anson&s=371404,
Ashe,Driver's Education Course,Ambiguous,Website,,https://ashs.asheschools.org/for-students/drivers-education,
Ashe,Driver's Education Course,Ambiguous,Website,,https://ncdrivingschool.com/driver-education-for/#hs,
Ashe,Access to School Space,Ambiguous,District Board Policy,6/27/2002,https://www.boardpolicyonline.com/bl/?b=ashe_county&s=1901576,
Ashe,Driver's Education Course,Ambiguous,District Board Policy,6/27/2002,https://www.boardpolicyonline.com/bl/?b=ashe_county&s=1901576,
Ashe,Sports,Ambiguous,District Board Policy,6/27/2002,https://www.boardpolicyonline.com/bl/?b=ashe_county&s=1901576,
Asheboro City,Driver's Education Course,Ambiguous,Other,1/24/2015,https://www.asheboro.k12.nc.us/downloads/winter%20retreat%201-24-15%20packet.pdf,Board of Education Winter Retreat
Asheboro City,Driver's Education Course,Ambiguous,Website,,https://ncdrivingschool.com/driver-education-for/#hs,
Asheboro City,Other,Ambiguous,District Board Policy,8/13/2020,https://www.boardpolicyonline.com/bl/?b=asheboro_city&s=2039650,JROTC
Asheboro City,Extracurricular Activities,Ambiguous,District Board Policy,8/14/2025,https://www.boardpolicyonline.com/bl/?b=asheboro_city&s=1801602,
Asheboro City,Sports,Ambiguous,District Board Policy,8/14/2025,https://www.boardpolicyonline.com/bl/?b=asheboro_city&s=1801602,
Asheville City,Driver's Education Course,Exclusive,Other,,https://wresa.org/drivers-education-registration/,
Asheville City,Other,Ambiguous,District Board Policy,12/9/2024,https://www.boardpolicyonline.com/bl/?b=asheville_city&s=918488,JROTC
Asheville City,Extracurricular Activities,Ambiguous,District Board Policy,12/9/2024,https://www.boardpolicyonline.com/bl/?b=asheville_city&s=918488,
Asheville City,Sports,Ambiguous,District Board Policy,12/9/2024,https://www.boardpolicyonline.com/bl/?b=asheville_city&s=918488,
Avery,Other,Exclusive,District Board Policy,4/8/2025,https://core-docs.s3.us-east-1.amazonaws.com/documents/asset/uploaded_file/3480/ACS/5526682/Clean_4_8_25_4120-Domicile_or_Residence_Requirements.pdf,JROTC
Avery,Sports,Exclusive,District Board Policy,7/15/2025,https://core-docs.s3.us-east-1.amazonaws.com/documents/asset/uploaded_file/3480/ACS/5883651/Clean_8_15_25_3620_Extra_Curricular_Activities_and_Student_Organizations_copy.pdf,
Avery,Extracurricular Activities,Exclusive,District Board Policy,7/15/2025,https://core-docs.s3.us-east-1.amazonaws.com/documents/asset/uploaded_file/3480/ACS/5883651/Clean_8_15_25_3620_Extra_Curricular_Activities_and_Student_Organizations_copy.pdf,
Beaufort,Driver's Education Course,Exclusive,Website,,https://ncdrivingschool.com/driver-education-for/#hs,
Beaufort,Eligibility Determination/IEP/504 Evaluation,Exclusive,Website,,https://www.beaufort.k12.nc.us/departments/curriculum-and-instruction/exceptional-children/project-child-find,
Beaufort,Other,Exclusive,District Board Policy,2/3/2025,https://www.boardpolicyonline.com/bl/?b=beaufort_nc&s=1413268,JROTC
Beaufort,Sports,Exclusive,District Board Policy,2/3/2025,https://www.boardpolicyonline.com/bl/?b=beaufort_nc&s=1413255,
Bertie,Driver's Education Course,Exclusive,Website,,https://ncdrivingschool.com/driver-education-for/#hs,
Bertie,Other,Exclusive,District Board Policy,1/14/2025,https://boardpolicyonline.com/bl/?b=bertie_county&s=139620,JROTC
Bertie,Sports,Exclusive,District Board Policy,8/12/2025,https://boardpolicyonline.com/bl/?b=bertie_county&s=139602,
Bladen,Driver's Education Course,Exclusive,Website,1/1/2021,https://resources.finalsite.net/images/v1683284906/bladenk12ncus/wwnlt1rdqz8bqxfmx3wx/DriverEducationClassEligibility.pdf,
Bladen,Other,Exclusive,District Board Policy,1/13/2025,https://www.boardpolicyonline.com/bl/?b=bladen&s=141179,JROTC
Bladen,Sports,Exclusive,District Board Policy,1/13/2025,https://www.boardpolicyonline.com/bl/?b=bladen&s=141161,
Brunswick,Driver's Education Course,Exclusive,Website,,https://ncdrivingschool.com/driver-education-for/#hs,
Brunswick,Driver's Education Course,Exclusive,Website,,https://www.bcswan.net/students/drivers-education,
Brunswick,Hearing or Vision Screening,Exclusive,District Board Policy,7/6/2023,https://boardpolicyonline.com/bl/?b=brunswick&s=141517,
Brunswick,K-12 Dual Enrollment inCore Academic Classes,Exclusive,District Board Policy,7/6/2023,https://boardpolicyonline.com/bl/?b=brunswick&s=141517,
Brunswick,Sports,Exclusive,District Board Policy,8/19/2025,https://boardpolicyonline.com/bl/?b=brunswick&s=141559,
Buncombe,Driver's Education Course,Exclusive,Other,,https://wresa.org/drivers-education-registration/,
Buncombe,Sports,Exclusive,District Board Policy,6/27/2024,https://core-docs.s3.us-east-1.amazonaws.com/documents/asset/uploaded_file/3100/BCS/4579430/3620_Extracurricular_Activites_and_Student_Organizations.pdf,
Buncombe,K-12 Dual Enrollment inCore Academic Classes,Exclusive,District Board Policy,6/27/2024,https://core-docs.s3.us-east-1.amazonaws.com/documents/asset/uploaded_file/3100/BCS/4579430/3620_Extracurricular_Activites_and_Student_Organizations.pdf,
Burke,Driver's Education Course,Inclusive,Website,,https://www.burke.k12.nc.us/curricululm-instruction/drivers-education/faq,
Burke,Extracurricular Activities,Exclusive,District Board Policy,6/24/2024,https://www.boardpolicyonline.com/bl/?b=burke&s=1403636,only middle and high school
Burke,K-12 Dual Enrollment inCore Academic Classes,Exclusive,District Board Policy,6/24/2024,https://www.boardpolicyonline.com/bl/?b=burke&s=1403636,only middle and high school
Burke,Other,Exclusive,District Board Policy,1/27/2025,https://www.boardpolicyonline.com/bl/?b=burke&s=1403627,JROTC
Burke,K-12 Dual Enrollment inCore Academic Classes,Inclusive,District Board Policy,1/27/2025,https://www.boardpolicyonline.com/bl/?b=burke&s=1403615,
Burke,Sports,Inclusive,District Board Policy,1/27/2025,https://www.boardpolicyonline.com/bl/?b=burke&s=1403615,
Cabarrus,Driver's Education Course,Inclusive,Website,,https://www.cabarrus.k12.nc.us/7176_3,
Cabarrus,Driver's Education Course,Inclusive,Website,,https://www.cabarrus.k12.nc.us/6923_3,
Cabarrus,K-12 Dual Enrollment inCore Academic Classes,Inclusive,Website,,https://www.cabarrus.k12.nc.us/1626_3,
Cabarrus,K-12 Dual Enrollment inCore Academic Classes,Inclusive,Website,,https://www.cabarrus.k12.nc.us/44970_3,
Cabarrus,Other,Inclusive,District Board Policy,1/13/2025,https://boardpolicyonline.com/bl/?b=cabarrus&s=141971,JROTC
Cabarrus,Other Special Needs Services,Inclusive,Website,,https://www.cabarrus.k12.nc.us/7000_3,
Caldwell,Driver's Education Course,Inclusive,Website,,https://www.fkchestnutdrivingacademy.com/caldwell-county-sign-ups,
Caldwell,Eligibility Determination/IEP/504 Evaluation,Inclusive,Website,,https://www.caldwellschools.com/44539_3,
Caldwell,K-12 Dual Enrollment inCore Academic Classes,Inclusive,District Board Policy,5/8/2023,https://boardpolicyonline.com/bl/?b=caldwell_county&s=231347,
Caldwell,Extracurricular Activities,Inclusive,District Board Policy,5/8/2023,https://boardpolicyonline.com/bl/?b=caldwell_county&s=195161,
Caldwell,K-12 Dual Enrollment inCore Academic Classes,Inclusive,District Board Policy,5/8/2023,https://boardpolicyonline.com/bl/?b=caldwell_county&s=195161,
Caldwell,Sports,Inclusive,District Board Policy,5/8/2023,https://boardpolicyonline.com/bl/?b=caldwell_county&s=195161,
Caldwell,Other,Inclusive,District Board Policy,1/7/2025,https://boardpolicyonline.com/bl/?b=caldwell_county&s=195173,JROTC
Caldwell,Sports,Inclusive,District Board Policy,8/11/2025,https://boardpolicyonline.com/bl/?b=caldwell_county&s=195160,
Caldwell,K-12 Dual Enrollment inCore Academic Classes,Inclusive,District Board Policy,8/11/2025,https://boardpolicyonline.com/bl/?b=caldwell_county&s=195160,
Camden,Driver's Education Course,Inclusive,Website,,https://ncdrivingschool.com/driver-education-for/#hs,
Camden,Other,Inclusive,District Board Policy,1/9/2025,https://boardpolicyonline.com/?b=camden&s=142328,JROTC
Camden,Sports,Inclusive,District Board Policy,8/14/2025,https://boardpolicyonline.com/?b=camden&s=142311,
Camden,K-12 Dual Enrollment inCore Academic Classes,Inclusive,District Board Policy,8/14/2025,https://boardpolicyonline.com/?b=camden&s=142311,
Carteret,Driver's Education Course,Inclusive,Website,,https://ncdrivingschool.com/driver-education-for/#hs,
Carteret,Other,Inclusive,District Board Policy,12/3/2024,https://www.boardpolicyonline.com/bl/?b=carteret&s=988066,JROTC
Caswell,Driver's Education Course,Inclusive,Website,,https://ncdrivingschool.com/driver-education-for/#hs,
Caswell,Other,Inclusive,District Board Policy,10/14/2024,https://www.boardpolicyonline.com/bl/?b=caswell_new&s=1321999,JROTC
Caswell,Sports,Inclusive,District Board Policy,6/10/2025,https://www.boardpolicyonline.com/bl/?b=caswell_new&s=1329783,
Caswell,Sports,Inclusive,Website,12/9/2024,https://resources.finalsite.net/images/v1733950293/caswellk12ncus/qy2rs2klcin9czatosql/HomeSchoolStudentsSports.pdf,
Catawba,Driver's Education Course,Inclusive,Website,,https://www.catawbaschools.net/212741_2,
Chapel Hill-Carrboro City,Driver's Education Course,Inclusive,Website,,https://www.jdscarolinas.com/chcc-booking-2,
Chapel Hill-Carrboro City,Extracurricular Activities,Inclusive,District Board Policy,9/3/2020,https://boardpolicyonline.com/bl/?b=chaphill&s=142592,
Chapel Hill-Carrboro City,K-12 Dual Enrollment inCore Academic Classes,Inclusive,District Board Policy,9/3/2020,https://boardpolicyonline.com/bl/?b=chaphill&s=142592,
Chapel Hill-Carrboro City,Sports,Inclusive,District Board Policy,9/3/2020,https://boardpolicyonline.com/bl/?b=chaphill&s=142592,
Charlotte-Mecklenburg,Driver's Education Course,Inclusive,Website,,https://www.cmsk12.org/student-planning-placement-programs/school-programs/driver-education,
Charlotte-Mecklenburg,Eligibility Determination/IEP/504 Evaluation,Inclusive,Website,,https://www.cmsk12.org/learning-teaching/exceptional-children/ec-services-in-cms/privatehome-school-evaluations,
Charlotte-Mecklenburg,Eligibility Determination/IEP/504 Evaluation,Inclusive,Website,,https://www.cmsk12.org/learning-teaching/exceptional-children/ec-services-in-cms/child-find-accessing-ec-services,
Chatham,Driver's Education Course,Inclusive,Website,,https://ncdrivingschool.com/driver-education-for/#hs,
Chatham,Eligibility Determination/IEP/504 Evaluation,Inclusive,Website,1/26/2024,https://core-docs.s3.us-east-1.amazonaws.com/documents/asset/uploaded_file/4334/CCS/4015771/Child_Find.pdf,
Chatham,Other,Inclusive,District Board Policy,12/9/2024,https://boardpolicyonline.com/bl/?b=chatham_nc&s=136059,JROTC
Chatham,Sports,Inclusive,District Board Policy,6/2/2025,https://boardpolicyonline.com/bl/?b=chatham_nc&s=136051,
Cherokee,Driver's Education Course,Inclusive,Other,,https://wresa.org/drivers-education-registration/,
Cherokee,Other,Inclusive,District Board Policy,8/15/2024,https://4.files.edl.io/130d/08/19/24/124903-52f6fa60-771d-4873-bcfb-212155f7e241.pdf,"""Homeschool students are not eligible for consideration of academic honors"""
Cherokee,Other,Inclusive,District Board Policy,12/9/2021,https://4.files.edl.io/c8d0/12/10/21/123030-1b645345-3a78-41de-ab3d-160e168c2ec1.pdf,JROTC
Cherokee,Sports,Inclusive,District Board Policy,2/6/2025,https://4.files.edl.io/5294/07/30/25/123232-d0f1c63e-8d10-41cb-a117-5419a12b927a.pdf,
Cherokee,K-12 Dual Enrollment inCore Academic Classes,Inclusive,District Board Policy,2/6/2025,https://4.files.edl.io/5294/07/30/25/123232-d0f1c63e-8d10-41cb-a117-5419a12b927a.pdf,
Clay,Driver's Education Course,Inclusive,Other,,https://wresa.org/drivers-education-registration/,
Clay,Eligibility Determination/IEP/504 Evaluation,Inclusive,Website,,https://drive.google.com/file/d/1Qoc0_eK1LQuoRpEMiaUhIKxlfh24Isdk/view,
Clay,Other,Inclusive,District Board Policy,10/8/2024,https://boardpolicyonline.com/bl/?b=clay&s=143378,JROTC
Clay,Sports,Inclusive,District Board Policy,4/19/2025,https://boardpolicyonline.com/bl/?b=clay&s=143361,
Cleveland,Other,Inclusive,District Board Policy,3/10/2025,https://go.boarddocs.com/nc/ccs/Board.nsf/goto?open&id=CGFVUJ8272AF,class ranking
Cleveland,Sports,Inclusive,District Board Policy,9/9/2024,https://go.boarddocs.com/nc/ccs/Board.nsf/goto?open&id=CGFRPQ6EFE5E,
Cleveland,K-12 Dual Enrollment inCore Academic Classes,Inclusive,District Board Policy,9/9/2024,https://go.boarddocs.com/nc/ccs/Board.nsf/goto?open&id=CGFRPQ6EFE5E,
Clinton City,Driver's Education Course,Inclusive,Website,,https://ncdrivingschool.com/driver-education-for/#hs,
Clinton City,Other,Inclusive,District Board Policy,1/27/2025,https://boardpolicyonline.com/bl/?b=clinton_city&s=145614,JROTC
Clinton City,Sports,Inclusive,District Board Policy,1/27/2025,https://boardpolicyonline.com/bl/?b=clinton_city&s=145597,
Columbus,Driver's Education Course,Inclusive,Website,,https://ncdrivingschool.com/driver-education-for/#hs,
Columbus,Sports,Inclusive,District Board Policy,7/14/2025,https://boardpolicyonline.com/bl/?b=columbus&s=145981,
Columbus,K-12 Dual Enrollment inCore Academic Classes,Inclusive,District Board Policy,7/14/2025,https://boardpolicyonline.com/bl/?b=columbus&s=145981,
Craven,Driver's Education Course,Inclusive,"District Board Policy, Website",,https://www.cravenk12.org/student-life/driver-s-education,
Craven,Eligibility Determination/IEP/504 Evaluation,Inclusive,Website,,https://www.cravenk12.org/academics/exceptional-children-s-services/eligibility-for-services,
Craven,Other,Inclusive,District Board Policy,11/14/2024,https://boardpolicyonline.com/bl/?b=craven&s=143667,JROTC
Craven,Sports,Inclusive,District Board Policy,11/14/2024,https://boardpolicyonline.com/bl/?b=craven&s=194877,
Craven,K-12 Dual Enrollment inCore Academic Classes,Inclusive,District Board Policy,11/14/2024,https://boardpolicyonline.com/bl/?b=craven&s=194877,
Craven,Sports,Inclusive,District Board Policy,3/17/2022,https://boardpolicyonline.com/bl/?b=craven&s=679226,
Craven,K-12 Dual Enrollment inCore Academic Classes,Inclusive,District Board Policy,3/17/2022,https://boardpolicyonline.com/bl/?b=craven&s=679226,
Cumberland,Driver's Education Course,Inclusive,Website,,https://www.ccs.k12.nc.us/page/registration,
Cumberland,Sports,Inclusive,District Board Policy,10/15/2024,https://boardpolicyonline.com/bl/?b=cumberland&s=1875680,
Cumberland,K-12 Dual Enrollment inCore Academic Classes,Inclusive,District Board Policy,10/15/2024,https://boardpolicyonline.com/bl/?b=cumberland&s=1875680,
Cumberland,Sports,Inclusive,Website,,https://www.ccs.k12.nc.us/page/home-school-rules,
Cumberland,K-12 Dual Enrollment inCore Academic Classes,Inclusive,Website,,https://www.ccs.k12.nc.us/page/home-school-rules,
Currituck,Driver's Education Course,Inclusive,Website,,https://ncdrivingschool.com/driver-education-for/#hs,
Currituck,K-12 Dual Enrollment inCore Academic Classes,Inclusive,District Board Policy,12/3/2015,https://boardpolicyonline.com/?b=currituck&s=146426,
Currituck,Sports,Inclusive,District Board Policy,7/15/2025,https://boardpolicyonline.com/?b=currituck&s=146396,
Dare,Driver's Education Course,Inclusive,Website,,https://ncdrivingschool.com/driver-education-for/#hs,
Dare,Driver's Education Course,Inclusive,Website,,https://www.daretolearn.org/resources/administrative-services/driver-education,
Dare,K-12 Dual Enrollment inCore Academic Classes,Inclusive,District Board Policy,2/13/2023,https://www.boardpolicyonline.com/bl/?b=dare_county&s=834650,regarding attendance recording while dual enrolled
Dare,K-12 Dual Enrollment inCore Academic Classes,Inclusive,District Board Policy,8/14/2023,https://www.boardpolicyonline.com/bl/?b=dare_county&s=834549,
Dare,K-12 Dual Enrollment inCore Academic Classes,Inclusive,District Board Policy,1/30/2023,https://www.boardpolicyonline.com/bl/?b=dare_county&s=1423460,
Dare,Other,Inclusive,District Board Policy,6/9/2025,https://www.boardpolicyonline.com/bl/?b=dare_county&s=834604,JROTC
Dare,K-12 Dual Enrollment inCore Academic Classes,Inclusive,District Board Policy,2/13/2023,https://www.boardpolicyonline.com/bl/?b=dare_county&s=834550,dual enrolled students for athletics must take at least one on-campus class per semester (online only does not suffice)
Dare,Sports,Inclusive,District Board Policy,2/13/2023,https://www.boardpolicyonline.com/bl/?b=dare_county&s=834550,dual enrolled students for athletics must take at least one on-campus class per semester (online only does not suffice)
Dare,K-12 Dual Enrollment inCore Academic Classes,Inclusive,District Board Policy,6/9/2025,https://www.boardpolicyonline.com/bl/?b=dare_county&s=834590,
Dare,Sports,Inclusive,District Board Policy,6/9/2025,https://www.boardpolicyonline.com/bl/?b=dare_county&s=834590,
Davidson,Driver's Education Course,Inclusive,Website,,https://cms.davidson.k12.nc.us/apps/pages/index.jsp?uREC_ID=800284&type=d&pREC_ID=1601808,
Davidson,Eligibility Determination/IEP/504 Evaluation,Inclusive,Website,,https://www.davidson.k12.nc.us/apps/pages/index.jsp?uREC_ID=800308&type=d&pREC_ID=1189820,
Davidson,K-12 Dual Enrollment inCore Academic Classes,Inclusive,District Board Policy,9/3/2024,https://drive.google.com/file/d/1v0hyEGjyuTrOWkDvJIGMCFsV-9z0Q1Vm/view,
Davidson,Sports,Inclusive,District Board Policy,9/3/2024,https://drive.google.com/file/d/1v0hyEGjyuTrOWkDvJIGMCFsV-9z0Q1Vm/view,
Davie,Other,Inclusive,District Board Policy,3/4/2025,https://boardpolicyonline.com/?b=davie&s=146784,JROTC
Davie,Sports,Inclusive,District Board Policy,3/4/2025,https://boardpolicyonline.com/?b=davie&s=146773,
Davie,K-12 Dual Enrollment inCore Academic Classes,Inclusive,District Board Policy,3/4/2025,https://boardpolicyonline.com/?b=davie&s=146773,
Duplin,Other,Inclusive,District Board Policy,1/14/2025,https://boardpolicyonline.com/bl/?b=duplin&s=147122,JROTC
Duplin,Sports,Inclusive,District Board Policy,7/1/2025,https://boardpolicyonline.com/bl/?b=duplin&s=147104,
Durham,Driver's Education Course,Inclusive,Website,,https://www.dpsnc.net/page/non-dps-student-registration,
Durham,K-12 Dual Enrollment inCore Academic Classes,Inclusive,District Board Policy,6/24/2021,https://go.boarddocs.com/nc/dpsnc/Board.nsf/goto?open&id=CCMLMA573249,
Durham,K-12 Dual Enrollment inCore Academic Classes,Inclusive,Website,,https://www.dpsnc.net/o/igniteacademy/article/2382463,
Durham,Other,Inclusive,District Board Policy,10/20/2022,https://go.boarddocs.com/nc/dpsnc/Board.nsf/goto?open&id=CB8TPM771A43,JROTC
Durham,Sports,Inclusive,District Board Policy,8/22/2024,https://go.boarddocs.com/nc/dpsnc/Board.nsf/goto?open&id=C9NQ476771BE,
Edenton-Chowan,Driver's Education Course,Inclusive,Website,,https://ncdrivingschool.com/driver-education-for/#hs,
Edenton-Chowan,K-12 Dual Enrollment inCore Academic Classes,Inclusive,District Board Policy,9/13/2022,https://boardpolicyonline.com/bl/?b=edenton_chowan_old&s=1345924,
Edenton-Chowan,Other,Inclusive,District Board Policy,2/6/2024,https://boardpolicyonline.com/bl/?b=edenton_chowan_old&s=147504,JROTC
Edenton-Chowan,Sports,Inclusive,District Board Policy,5/12/2020,https://boardpolicyonline.com/bl/?b=edenton_chowan_old&s=147495,
Edenton-Chowan,K-12 Dual Enrollment inCore Academic Classes,Inclusive,District Board Policy,5/12/2020,https://boardpolicyonline.com/bl/?b=edenton_chowan_old&s=147495,
Edgecombe,Driver's Education Course,Inclusive,Website,,https://ncdrivingschool.com/driver-education-for/#hs,
Edgecombe,Other,Inclusive,District Board Policy,2/10/2025,https://files-backend.assets.thrillshare.com/documents/asset/uploaded_file/4711/Ecs/e33b7f0d-697c-4e0f-924a-b6d3706e15d5/4120_Domicile_or_Residence_Requirements.pdf?disposition=inline,JROTC
Edgecombe,Sports,Inclusive,District Board Policy,2/10/2025,https://files-backend.assets.thrillshare.com/documents/asset/uploaded_file/4711/Ecs/7b397057-a9d7-4c60-8f1d-ce76f1d7dbb2/3620_Extracurricular_Activities_and_Student_Or.pdf?disposition=inline,They have not accepted a clear policy and still have the boilerplate options present.
Edgecombe,Sports,Inclusive,District Board Policy,2/10/2025,https://files-backend.assets.thrillshare.com/documents/asset/uploaded_file/4711/Ecs/7b397057-a9d7-4c60-8f1d-ce76f1d7dbb2/3620_Extracurricular_Activities_and_Student_Or.pdf?disposition=inline,They have not accepted a clear policy and still have the boilerplate options present.
Elizabeth City-Pasquotank,Driver's Education Course,Inclusive,Website,,https://ncdrivingschool.com/driver-education-for/#hs,
Elizabeth City-Pasquotank,Other,Inclusive,District Board Policy,12/16/2024,https://boardpolicyonline.com/bl/?b=elizabeth_city&s=147806,JROTC
Elizabeth City-Pasquotank,Sports,Inclusive,District Board Policy,12/16/2024,https://boardpolicyonline.com/bl/?b=elizabeth_city&s=147789,
Elizabeth City-Pasquotank,K-12 Dual Enrollment inCore Academic Classes,Inclusive,District Board Policy,12/16/2024,https://boardpolicyonline.com/bl/?b=elizabeth_city&s=147789,
Elkin,Driver's Education Course,Inclusive,Website,,https://ncdrivingschool.com/driver-education-for/#hs,
Elkin,Driver's Education Course,Inclusive,Website,,https://ehs.elkincityschools.org/apps/pages/index.jsp?uREC_ID=2769696&type=d&pREC_ID=2303804,
Elkin,K-12 Dual Enrollment inCore Academic Classes,Inclusive,District Board Policy,8/2/2018,http://www.elkin.k12.nc.us/ems/ECSPolicies/4130-R.pdf,only middle and high school
Elkin,Other,Inclusive,District Board Policy,12/9/2024,http://www.elkin.k12.nc.us/ems/ECSPolicies/4120.pdf,JROTC
Elkin,Sports,Inclusive,District Board Policy,1/27/2025,http://www.elkin.k12.nc.us/ems/ECSPolicies/3620.pdf,
Elkin,K-12 Dual Enrollment inCore Academic Classes,Inclusive,District Board Policy,1/27/2025,http://www.elkin.k12.nc.us/ems/ECSPolicies/3620.pdf,
Franklin,Eligibility Determination/IEP/504 Evaluation,Inclusive,Website,,https://www.fcschools.net/departments/exceptional-children-student-services,"""homeschooling"" contact under the Staff tab"
Franklin,Other,Inclusive,District Board Policy,3/14/2022,https://www.boardpolicyonline.com/bl/?b=franklin&s=448940,JROTC
Franklin,Sports,Inclusive,District Board Policy,6/10/2024,https://www.boardpolicyonline.com/bl/?b=franklin&s=448927,
Franklin,K-12 Dual Enrollment inCore Academic Classes,Inclusive,District Board Policy,6/10/2024,https://www.boardpolicyonline.com/bl/?b=franklin&s=448927,
Gaston,Driver's Education Course,Inclusive,Website,,https://ncdrivingschool.com/driver-education-for/#hs,
Gaston,Driver's Education Course,Inclusive,Website,,https://www.gaston.k12.nc.us/departments/back-to-school-information/driver-education,
Gaston,Eligibility Determination/IEP/504 Evaluation,Inclusive,Website,,https://www.gaston.k12.nc.us/academics/exceptional-children/child-find,
Gaston,Other,Inclusive,District Board Policy,6/20/2022,https://boardpolicyonline.com/?b=gaston&s=153171,JROTC
Gaston,K-12 Dual Enrollment inCore Academic Classes,Inclusive,District Board Policy,8/19/2019,https://boardpolicyonline.com/?b=gaston&s=755374,
Gaston,Sports,Inclusive,District Board Policy,8/19/2019,https://boardpolicyonline.com/?b=gaston&s=755374,
Gaston,K-12 Dual Enrollment inCore Academic Classes,Inclusive,District Board Policy,11/21/2022,https://boardpolicyonline.com/?b=gaston&s=153150,
Gaston,Sports,Inclusive,District Board Policy,11/21/2022,https://boardpolicyonline.com/?b=gaston&s=153150,
Gates,Driver's Education Course,Inclusive,Website,,https://ncdrivingschool.com/driver-education-for/#hs,
Gates,K-12 Dual Enrollment inCore Academic Classes,Inclusive,District Board Policy,6/5/2023,https://boardpolicyonline.com/?b=gates&s=153515,
Gates,Other,Inclusive,District Board Policy,2/6/2025,https://boardpolicyonline.com/?b=gates&s=153569,JROTC
Gates,Sports,Inclusive,District Board Policy,7/14/2025,https://boardpolicyonline.com/?b=gates&s=153552,
Gates,K-12 Dual Enrollment inCore Academic Classes,Inclusive,District Board Policy,7/14/2025,https://boardpolicyonline.com/?b=gates&s=153552,
Graham,Driver's Education Course,Inclusive,Other,,https://wresa.org/drivers-education-registration/,
Graham,Other,Inclusive,District Board Policy,12/7/2021,https://docs.google.com/document/d/1FW4WthAI00DDLzMmBITA0ekdEmKsjeA7/edit?tab=t.0,"Policy Code: 4120, JROTC"
Graham,Sports,Inclusive,District Board Policy,11/2/2021,https://drive.google.com/drive/folders/0B6dQShi3l4b6d0VhS2lBYVdtQUU?resourcekey=0-9Ipud6KFb-6St6ryZ45h8g,Policy Code: 3620
Graham,K-12 Dual Enrollment inCore Academic Classes,Inclusive,District Board Policy,11/2/2021,https://drive.google.com/drive/folders/0B6dQShi3l4b6d0VhS2lBYVdtQUU?resourcekey=0-9Ipud6KFb-6St6ryZ45h8g,Policy Code: 3620
Granville,Other,Inclusive,District Board Policy,12/18/2023,https://boardpolicyonline.com/?b=granville&s=153966,JROTC
Granville,K-12 Dual Enrollment inCore Academic Classes,Inclusive,District Board Policy,9/9/2024,https://boardpolicyonline.com/?b=granville&s=153945,
Granville,Sports,Inclusive,District Board Policy,9/9/2024,https://boardpolicyonline.com/?b=granville&s=153945,
Greene,Eligibility Determination/IEP/504 Evaluation,Inclusive,Website,,https://www.gcsedu.org/en-US/exceptional-children-504-aig-723f82c1/exceptional-children-6ab1198b/child-find-c122597a,
Greene,Sports,Inclusive,District Board Policy,1/24/2022,https://drive.google.com/file/d/1Bm1Xxs1D2Z_p-xx2Qi6EDVOwIHI1Z2Lm/view,
Greene,K-12 Dual Enrollment inCore Academic Classes,Inclusive,District Board Policy,1/24/2022,https://drive.google.com/file/d/1Bm1Xxs1D2Z_p-xx2Qi6EDVOwIHI1Z2Lm/view,
Guilford,Driver's Education Course,Inclusive,Website,,https://ncdrivingschool.com/driver-education-for/#hs,
Guilford,Driver's Education Course,Inclusive,Website,,https://www.gcsnc.com/families/beyond-the-classroom/activities-arts-athletics/drivers-education,
Guilford,K-12 Dual Enrollment inCore Academic Classes,Inclusive,Website,,https://www.gcsnc.com/choose-and-enroll/gcs-flex,
Guilford,Sports,Inclusive,Website,,https://www.gcsnc.com/choose-and-enroll/gcs-flex,
Guilford,Extracurricular Activities,Inclusive,Website,,https://www.gcsnc.com/choose-and-enroll/gcs-flex,
Halifax,Other,Inclusive,District Board Policy,1/6/2025,https://boardpolicyonline.com/bl/?b=halifax&s=154330,JROTC
Halifax,Sports,Inclusive,District Board Policy,8/4/2025,https://boardpolicyonline.com/bl/?b=halifax&s=154312,
Halifax,K-12 Dual Enrollment inCore Academic Classes,Inclusive,District Board Policy,8/4/2025,https://boardpolicyonline.com/bl/?b=halifax&s=154312,
Harnett,Driver's Education Course,Inclusive,Other,2/11/2025,https://docs.google.com/document/d/11MgQOfEyBhHr-6n_kpqCU6sg4QcN7QSfWEQIttjAjf4/edit?tab=t.0#heading=h.gjdgxs,
Harnett,Eligibility Determination/IEP/504 Evaluation,Inclusive,Website,,https://www.harnett.k12.nc.us/page/child-find,
Harnett,Other,Inclusive,District Board Policy,11/4/2024,https://boardpolicyonline.com/bl/?b=harnett&s=154725,JROTC
Harnett,Sports,Inclusive,District Board Policy,5/5/2025,https://boardpolicyonline.com/bl/?b=harnett&s=154708,
Haywood,Driver's Education Course,Inclusive,Other,,https://wresa.org/drivers-education-registration/,
Haywood,Other,Inclusive,District Board Policy,7/1/2021,https://downloads.microscribepub.com/nc/haywood/4120-R_20210702.pdf,JROTC
Haywood,K-12 Dual Enrollment inCore Academic Classes,Inclusive,District Board Policy,8/12/2024,https://www.boardpolicyonline.com/bl/?b=haywood_county&s=1492488,
Haywood,Sports,Inclusive,District Board Policy,8/12/2024,https://www.boardpolicyonline.com/bl/?b=haywood_county&s=1492488,
Henderson,Driver's Education Course,Inclusive,Other,,https://wresa.org/drivers-education-registration/,
Henderson,Other,Inclusive,District Board Policy,5/10/2022,https://www.boardpolicyonline.com/bl/?b=henderson_county&s=1283663,class ranking recording of homeschool credits
Henderson,Other,Inclusive,District Board Policy,11/18/2024,https://www.boardpolicyonline.com/bl/?b=henderson_county&s=423662,JROTC
Henderson,Sports,Inclusive,District Board Policy,8/4/2025,https://www.boardpolicyonline.com/bl/?b=henderson_county&s=403487,
Henderson,K-12 Dual Enrollment inCore Academic Classes,Inclusive,District Board Policy,8/4/2025,https://www.boardpolicyonline.com/bl/?b=henderson_county&s=403487,
Hertford,Driver's Education Course,Inclusive,Website,,https://ncdrivingschool.com/driver-education-for/#hs,
Hertford,Other,Inclusive,District Board Policy,12/16/2024,https://boardpolicyonline.com/bl/?b=hertford&s=155132,JROTC
Hertford,Other,Inclusive,District Board Policy,11/10/2015,https://boardpolicyonline.com/bl/?b=hertford&s=155103,class ranking does include homeschool grades
Hertford,Sports,Inclusive,District Board Policy,7/28/2025,https://boardpolicyonline.com/bl/?b=hertford&s=155115,
Hertford,K-12 Dual Enrollment inCore Academic Classes,Inclusive,District Board Policy,7/28/2025,https://boardpolicyonline.com/bl/?b=hertford&s=155115,
Hickory,Driver's Education Course,Inclusive,Website,,https://ncdrivingschool.com/driver-education-for/#hs,
Hickory,Other,Inclusive,District Board Policy,6/10/2024,https://boardpolicyonline.com/bl/?b=hickory_new&s=159941,JROTC
Hickory,Sports,Inclusive,District Board Policy,8/11/2025,https://boardpolicyonline.com/bl/?b=hickory_new&s=1414908,
Hickory,K-12 Dual Enrollment inCore Academic Classes,Inclusive,District Board Policy,8/11/2025,https://boardpolicyonline.com/bl/?b=hickory_new&s=1414908,
Hoke,Driver's Education Course,Inclusive,Website,,https://ncdrivingschool.com/driver-education-for/#hs,
Hoke,K-12 Dual Enrollment inCore Academic Classes,Inclusive,District Board Policy,4/16/2024,https://www.boardpolicyonline.com/bl/?b=hoke_county&s=1980985,
Hoke,Other,Inclusive,District Board Policy,7/8/2025,https://www.boardpolicyonline.com/bl/?b=hoke_county&s=1897872,"part-time enrolled homeschooler will not get a public school diploma, it must come from the registered homeschool."
Hoke,Other,Inclusive,District Board Policy,,https://www.boardpolicyonline.com/bl/?b=hoke_county&s=1897894,"JROTC, no adopted date"
Hyde,Other,Inclusive,District Board Policy,1/14/2025,https://boardpolicyonline.com/bl/?b=hyde&s=155521,JROTC
Hyde,K-12 Dual Enrollment inCore Academic Classes,Inclusive,District Board Policy,1/14/2025,https://boardpolicyonline.com/bl/?b=hyde&s=155502,They have not accepted a clear policy and still have the boilerplate options present.
Hyde,Sports,Inclusive,District Board Policy,1/14/2025,https://boardpolicyonline.com/bl/?b=hyde&s=155502,They have not accepted a clear policy and still have the boilerplate options present.
Iredell-Statesville,Driver's Education Course,Inclusive,Website,,https://www.issnc.org/about/departments/drivers-ed,
Iredell-Statesville,Eligibility Determination/IEP/504 Evaluation,Inclusive,Website,,https://www.issnc.org/about/departments/ec/about-us,
Iredell-Statesville,Other Special Needs Services,Inclusive,Website,,https://www.issnc.org/about/departments/ec/about-us,
Iredell-Statesville,K-12 Dual Enrollment inCore Academic Classes,Inclusive,Website,,https://www.issnc.org/about/choice-programs/iacademy,
Iredell-Statesville,Extracurricular Activities,Inclusive,Website,,https://www.issnc.org/about/choice-programs/iacademy,
Iredell-Statesville,Other,Inclusive,District Board Policy,12/9/2024,https://boardpolicyonline.com/bl/?b=iredell&s=155933,JROTC
Iredell-Statesville,K-12 Dual Enrollment inCore Academic Classes,Inclusive,District Board Policy,8/11/2025,https://boardpolicyonline.com/bl/?b=iredell&s=155911,
Iredell-Statesville,Sports,Inclusive,District Board Policy,8/11/2025,https://boardpolicyonline.com/bl/?b=iredell&s=155911,
Jackson,Driver's Education Course,Inclusive,Other,,https://wresa.org/drivers-education-registration/,
Jackson,Other,Inclusive,District Board Policy,5/24/2022,https://boardpolicyonline.com/bl/?b=jackson&s=156322,JROTC
Jackson,Sports,Inclusive,District Board Policy,6/24/2025,https://boardpolicyonline.com/bl/?b=jackson&s=156302,
Jackson,K-12 Dual Enrollment inCore Academic Classes,Inclusive,District Board Policy,6/24/2025,https://boardpolicyonline.com/bl/?b=jackson&s=156302,
Johnston,Driver's Education Course,Inclusive,Website,,https://www.johnston.k12.nc.us/o/jceca/page/drivers-education-information,
Johnston,K-12 Dual Enrollment inCore Academic Classes,Inclusive,District Board Policy,9/6/2024,https://boardpolicyonline.com/bl/?b=johnston_new&s=1401642,
Johnston,Other,Inclusive,District Board Policy,1/15/2025,https://boardpolicyonline.com/bl/?b=johnston_new&s=1232409,JROTC
Johnston,K-12 Dual Enrollment inCore Academic Classes,Inclusive,District Board Policy,1/15/2025,https://boardpolicyonline.com/bl/?b=johnston_new&s=1207308,
Johnston,Sports,Inclusive,District Board Policy,1/15/2025,https://boardpolicyonline.com/bl/?b=johnston_new&s=1207308,
Jones,Driver's Education Course,Inclusive,Website,,https://ncdrivingschool.com/driver-education-for/#hs,
Jones,Driver's Education Course,Inclusive,Website,,https://www.jonesnc.net/article/1929328,
Jones,Other,Inclusive,District Board Policy,11/4/2024,https://go.boarddocs.com/nc/jonesnc/Board.nsf/goto?open&id=DACLTN582216,JROTC
Jones,Sports,Inclusive,District Board Policy,5/5/2025,https://go.boarddocs.com/nc/jonesnc/Board.nsf/goto?open&id=DGMLEZ5646F3,They have not accepted a clear policy and still have the boilerplate options present.
Jones,K-12 Dual Enrollment inCore Academic Classes,Inclusive,District Board Policy,5/5/2025,https://go.boarddocs.com/nc/jonesnc/Board.nsf/goto?open&id=DGMLEZ5646F3,They have not accepted a clear policy and still have the boilerplate options present.
Kannapolis City,K-12 Dual Enrollment inCore Academic Classes,Inclusive,District Board Policy,6/26/2023,https://www.boardpolicyonline.com/bl/?b=kannapolis_cs&s=682010,
Kannapolis City,K-12 Dual Enrollment inCore Academic Classes,Inclusive,District Board Policy,6/26/2023,https://www.boardpolicyonline.com/bl/?b=kannapolis_cs&s=1539521,
Kannapolis City,Other,Inclusive,District Board Policy,2/14/2022,https://www.boardpolicyonline.com/bl/?b=kannapolis_cs&s=759048,JROTC
Kannapolis City,K-12 Dual Enrollment inCore Academic Classes,Inclusive,District Board Policy,6/27/2024,https://www.boardpolicyonline.com/bl/?b=kannapolis_cs&s=727872,
Kannapolis City,Sports,Inclusive,District Board Policy,6/27/2024,https://www.boardpolicyonline.com/bl/?b=kannapolis_cs&s=727872,
Lee,Eligibility Determination/IEP/504 Evaluation,Inclusive,Website,,https://www.lee.k12.nc.us/page/ec,
Lee,Other,Inclusive,District Board Policy,10/1/2022,https://boardpolicyonline.com/bl/?b=lee&s=157986,JROTC
Lenoir,Driver's Education Course,Inclusive,Website,,https://www.lcpsnc.org/students-parents/driver-education,
Lenoir,Other,Inclusive,District Board Policy,3/28/2022,https://go.boarddocs.com/nc/lenoir/Board.nsf/goto?open&id=9FZNW75A1CB7,JROTC
Lenoir,Sports,Inclusive,Website,,https://www.lcpsnc.org/students-parents/athletics/eligibility-requirements,
Lexington City,Driver's Education Course,Inclusive,Website,,https://ncdrivingschool.com/driver-education-for/#hs,
Lexington City,Driver's Education Course,Inclusive,Website,,https://www.lexcs.org/page/information,
Lexington City,Other,Inclusive,District Board Policy,4/1/2025,https://lexcs.diligent.community/home/policies/policydoc/b37d50f8-2096-402c-8938-07e2d272e27b,JROTC
Lexington City,Sports,Inclusive,District Board Policy,1/14/2020,https://lexcs.diligent.community/home/policies/policydoc/ec1b12bd-02da-4ff1-b742-5e6863652e4d,
Lexington City,K-12 Dual Enrollment inCore Academic Classes,Inclusive,District Board Policy,1/14/2020,https://lexcs.diligent.community/home/policies/policydoc/ec1b12bd-02da-4ff1-b742-5e6863652e4d,
Lincoln,Driver's Education Course,Inclusive,Website,,https://ncdrivingschool.com/driver-education-for/#hs,
Lincoln,Driver's Education Course,Inclusive,Website,,https://www.lincoln.k12.nc.us/page/drivers-education,
Lincoln,Other,Inclusive,District Board Policy,7/12/2022,https://boardpolicyonline.com/bl/?b=lincoln&s=158478,JROTC
Lincoln,Sports,Inclusive,District Board Policy,5/13/2025,https://boardpolicyonline.com/bl/?b=lincoln&s=158458,
Macon,Driver's Education Course,Inclusive,Other,,https://wresa.org/drivers-education-registration/,
Macon,Driver's Education Course,Inclusive,Other,,https://files-backend.assets.thrillshare.com/documents/asset/uploaded_file/3129/Mcs/e9c0104e-9117-4098-afa9-1245a09ab5bf/Macon-County-Schools-Drivers-Education-Program.pdf?disposition=inline,
Macon,Other,Inclusive,District Board Policy,8/21/2023,https://files-backend.assets.thrillshare.com/documents/asset/uploaded_file/3129/Mcs/03c68c5f-c6a6-49f6-8f30-5a035f38c7a3/4120.pdf?disposition=inline,JROTC
Macon,Sports,Inclusive,District Board Policy,10/25/2021,https://files-backend.assets.thrillshare.com/documents/asset/uploaded_file/3129/Mcs/b6b36fb1-e507-450e-abc0-df5ab180dc7f/3620.pdf?disposition=inline,
Macon,K-12 Dual Enrollment inCore Academic Classes,Inclusive,District Board Policy,10/25/2021,https://files-backend.assets.thrillshare.com/documents/asset/uploaded_file/3129/Mcs/b6b36fb1-e507-450e-abc0-df5ab180dc7f/3620.pdf?disposition=inline,
Madison,Other,Inclusive,District Board Policy,6/23/2025,https://www.boardpolicyonline.com/bl/?b=madison&s=224022,JROTC
Madison,K-12 Dual Enrollment inCore Academic Classes,Inclusive,District Board Policy,6/23/2025,https://www.boardpolicyonline.com/bl/?b=madison&s=224020,
Madison,Sports,Inclusive,District Board Policy,6/23/2025,https://www.boardpolicyonline.com/bl/?b=madison&s=224020,
Martin,Driver's Education Course,Inclusive,Website,,https://www.martin.k12.nc.us/page/drivered2324,
Martin,Sports,Inclusive,District Board Policy,12/2/2019,https://www.boardpolicyonline.com/bl/?b=martin_county&s=1549320,
Martin,K-12 Dual Enrollment inCore Academic Classes,Inclusive,District Board Policy,12/2/2019,https://www.boardpolicyonline.com/bl/?b=martin_county&s=1549320,
McDowell,Driver's Education Course,Inclusive,Other,,https://wresa.org/drivers-education-registration/,
McDowell,K-12 Dual Enrollment inCore Academic Classes,Inclusive,Website,,https://www.mcdowell.k12.nc.us/mcdowell-connect/about-us/mcdowell-connect-program-overview,
McDowell,Other,Inclusive,District Board Policy,3/10/2025,https://campussuite-storage.s3.amazonaws.com/prod/1559039/252d940a-b7a2-11ea-a606-121cb31c8405/2926016/3db49738-ff48-11ef-9ef2-0a58a9feac02/file/4120%20Domicile%20or%20Residence%20Requirements%203.10.25.pdf,JROTC
McDowell,Sports,Inclusive,Website,,https://www.mcdowell.k12.nc.us/mcdowell-connect/activities/index,
McDowell,Sports,Inclusive,District Board Policy,8/11/2025,https://campussuite-storage.s3.amazonaws.com/prod/1559039/252d940a-b7a2-11ea-a606-121cb31c8405/2999374/56b5e01a-82b6-11f0-9dbe-0affc8c049ad/file/3620%20Extracurricular%20Activities%20and%20Student%20Organizations%208.11.25.pdf,
McDowell,K-12 Dual Enrollment inCore Academic Classes,Inclusive,District Board Policy,8/11/2025,https://campussuite-storage.s3.amazonaws.com/prod/1559039/252d940a-b7a2-11ea-a606-121cb31c8405/2999374/56b5e01a-82b6-11f0-9dbe-0affc8c049ad/file/3620%20Extracurricular%20Activities%20and%20Student%20Organizations%208.11.25.pdf,
Mitchell,Driver's Education Course,Inclusive,Other,,https://wresa.org/drivers-education-registration/,
Mitchell,Eligibility Determination/IEP/504 Evaluation,Inclusive,Other,,https://docs.google.com/document/d/1QxO8AcILyjoCaoxzqpzCgi3ozKS4bdY896RpI6LtiLE/edit?tab=t.0,
Mitchell,Other Special Needs Services,Inclusive,Other,,https://docs.google.com/document/d/1QxO8AcILyjoCaoxzqpzCgi3ozKS4bdY896RpI6LtiLE/edit?tab=t.0,
Mitchell,Sports,Inclusive,District Board Policy,10/10/2019,https://boardpolicyonline.com/?b=mitchell&s=1096724,
Mitchell,K-12 Dual Enrollment inCore Academic Classes,Inclusive,District Board Policy,10/10/2019,https://boardpolicyonline.com/?b=mitchell&s=1096724,
Mitchell,Sports,Inclusive,District Board Policy,5/15/2025,https://boardpolicyonline.com/?b=mitchell&s=159045,
Mitchell,K-12 Dual Enrollment inCore Academic Classes,Inclusive,District Board Policy,5/15/2025,https://boardpolicyonline.com/?b=mitchell&s=159045,
Montgomery,Other,Inclusive,District Board Policy,7/18/2022,https://resources.finalsite.net/images/v1724969404/montgomeryk12ncus/eut7fk5khog7md8lplou/4120-domicileorresidencyrequirementsapprovedweb.pdf,JROTC
Montgomery,Sports,Inclusive,District Board Policy,6/2/2025,https://resources.finalsite.net/images/v1750266126/montgomeryk12ncus/dkrkqdigwmtvlemfp0me/ExtracurricularActivitiesandStudentOrganizations3620.pdf,
Montgomery,K-12 Dual Enrollment inCore Academic Classes,Inclusive,District Board Policy,6/2/2025,https://resources.finalsite.net/images/v1750266126/montgomeryk12ncus/dkrkqdigwmtvlemfp0me/ExtracurricularActivitiesandStudentOrganizations3620.pdf,
Moore,Driver's Education Course,Inclusive,Website,,https://www.ncmcs.org/students/driver_education/driver_education_faq,
Moore,Extracurricular Activities,Inclusive,Website,,https://sites.google.com/ncmcs.org/blended/home,
Moore,K-12 Dual Enrollment inCore Academic Classes,Inclusive,Website,,https://sites.google.com/ncmcs.org/blended/home,
Moore,Proctering/Testing Services,Inclusive,Website,,https://ca.ncmcs.org/blend__ed/6-12,
Moore,K-12 Dual Enrollment inCore Academic Classes,Inclusive,Website,,https://ca.ncmcs.org/blend__ed/6-12,
Moore,Sports,Inclusive,Website,,https://ca.ncmcs.org/blend__ed/6-12,
Moore,Extracurricular Activities,Inclusive,Website,,https://ca.ncmcs.org/blend__ed/6-12,
Moore,Driver's Education Course,Inclusive,Website,,https://ca.ncmcs.org/blend__ed/6-12,
Moore,K-12 Dual Enrollment inCore Academic Classes,Inclusive,District Board Policy,9/11/2023,https://www.boardpolicyonline.com/bl/?b=moore&s=159773,
Moore,Sports,Inclusive,District Board Policy,9/11/2023,https://www.boardpolicyonline.com/bl/?b=moore&s=159773,
Mooresville graded,Other Special Needs Services,Inclusive,Website,,https://www.mgsd.k12.nc.us/52510_2,
Mooresville graded,Eligibility Determination/IEP/504 Evaluation,Inclusive,Website,,https://www.mgsd.k12.nc.us/52510_2,
Mooresville graded,Sports,Inclusive,District Board Policy,1/21/2025,https://boardpolicyonline.com/?b=mooresville&s=160070,
Mooresville graded,K-12 Dual Enrollment inCore Academic Classes,Inclusive,District Board Policy,1/21/2025,https://boardpolicyonline.com/?b=mooresville&s=160070,
Mount Airy City,Other Special Needs Services,Inclusive,Website,,https://www.mtairy.k12.nc.us/apps/pages/index.jsp?uREC_ID=671692&type=d&pREC_ID=1117520,
Mount Airy City,Eligibility Determination/IEP/504 Evaluation,Inclusive,Website,,https://www.mtairy.k12.nc.us/apps/pages/index.jsp?uREC_ID=671692&type=d&pREC_ID=1117520,
Mount Airy City,K-12 Dual Enrollment inCore Academic Classes,Inclusive,Website,,https://www.mtairy.k12.nc.us/apps/pages/homeschoolers,
Mount Airy City,Sports,Inclusive,Website,,https://www.mtairy.k12.nc.us/apps/pages/homeschoolers,
Mount Airy City,Extracurricular Activities,Inclusive,Website,,https://www.mtairy.k12.nc.us/apps/pages/homeschoolers,
Mount Airy City,K-12 Dual Enrollment inCore Academic Classes,Inclusive,Other,,https://docs.google.com/document/d/1Y1FvCpElkCgbJA6gkTlb_hnP04GoP7pzhvBAKU_vUng/edit?tab=t.0,
Mount Airy City,Sports,Inclusive,Other,,https://docs.google.com/document/d/1Y1FvCpElkCgbJA6gkTlb_hnP04GoP7pzhvBAKU_vUng/edit?tab=t.0,
Mount Airy City,Extracurricular Activities,Inclusive,Other,,https://docs.google.com/document/d/1Y1FvCpElkCgbJA6gkTlb_hnP04GoP7pzhvBAKU_vUng/edit?tab=t.0,
Mount Airy City,Other,Inclusive,District Board Policy,11/19/2024,https://www.boardpolicyonline.com/bl/?b=Mount_airy_city&s=948686,JROTC
Mount Airy City,Sports,Inclusive,District Board Policy,5/20/2025,https://www.boardpolicyonline.com/bl/?b=Mount_airy_city&s=948675,They have not accepted a clear policy and still have the boilerplate options present.
Mount Airy City,K-12 Dual Enrollment inCore Academic Classes,Inclusive,District Board Policy,5/20/2025,https://www.boardpolicyonline.com/bl/?b=Mount_airy_city&s=948675,They have not accepted a clear policy and still have the boilerplate options present.
Nash,Other,Inclusive,District Board Policy,12/5/2024,https://boardpolicyonline.com/?b=nash_county&s=160464,JROTC
Nash,Sports,Inclusive,District Board Policy,12/5/2024,https://boardpolicyonline.com/?b=nash_county&s=160445,
New Hanover,Driver's Education Course,Inclusive,Website,,https://sites.google.com/a/nhcs.net/kylehodnett/home/driver-education,
New Hanover,K-12 Dual Enrollment inCore Academic Classes,Inclusive,District Board Policy,1/4/2022,https://www.boardpolicyonline.com/bl/?b=hanover_county_new&s=1180887,only middle and high school
New Hanover,Other,Inclusive,District Board Policy,11/12/2024,https://www.boardpolicyonline.com/bl/?b=hanover_county_new&s=1028686,
Newton-Conover City,Other,Inclusive,District Board Policy,11/16/2024,https://boardpolicyonline.com/bl/?b=newton_conover&s=160853,JROTC
Newton-Conover City,Sports,Inclusive,District Board Policy,7/14/2025,https://boardpolicyonline.com/bl/?b=newton_conover&s=160835,
Newton-Conover City,K-12 Dual Enrollment inCore Academic Classes,Inclusive,District Board Policy,7/14/2025,https://boardpolicyonline.com/bl/?b=newton_conover&s=160835,
Northampton,Driver's Education Course,Inclusive,District Board Policy,,https://ncdrivingschool.com/driver-education-for/#hs,
Northampton,Eligibility Determination/IEP/504 Evaluation,Inclusive,Website,,https://www.northampton.k12.nc.us/departments/exceptional-children/employment-opportunities-clone,
Northampton,Other,Inclusive,District Board Policy,9/12/2022,https://www.boardpolicyonline.com/bl/?b=northampton_county&s=370586,JROTC
Northampton,K-12 Dual Enrollment inCore Academic Classes,Inclusive,District Board Policy,7/10/2023,https://www.boardpolicyonline.com/bl/?b=northampton_county&s=370574,
Northampton,Sports,Inclusive,District Board Policy,7/10/2023,https://www.boardpolicyonline.com/bl/?b=northampton_county&s=370574,
Northampton,K-12 Dual Enrollment inCore Academic Classes,Inclusive,District Board Policy,7/10/2023,https://www.boardpolicyonline.com/bl/?b=northampton_county&s=370574,
Northampton,Sports,Inclusive,District Board Policy,7/10/2023,https://www.boardpolicyonline.com/bl/?b=northampton_county&s=370574,
Onslow,Driver's Education Course,Inclusive,Website,,https://ncdrivingschool.com/driver-education-for/#hs,
Onslow,Driver's Education Course,Inclusive,Website,,https://www.onslow.k12.nc.us/departments/operations-facilities/operations-departments/school-transportation/drivers-education,
Onslow,Sports,Inclusive,Website,6/1/2023,https://www.onslow.k12.nc.us/families/athletics/home/home-school-student-intent-to-participate-in-hs-athletics,
Onslow,K-12 Dual Enrollment inCore Academic Classes,Inclusive,Website,6/1/2023,https://www.onslow.k12.nc.us/families/athletics/home/home-school-student-intent-to-participate-in-hs-athletics,
Onslow,Other,Inclusive,District Board Policy,3/7/2023,https://boardpolicyonline.com/bl/?b=onslow&s=1066273,JROTC
Onslow,Sports,Inclusive,District Board Policy,11/1/2022,https://boardpolicyonline.com/bl/?b=onslow&s=1066262,
Onslow,K-12 Dual Enrollment inCore Academic Classes,Inclusive,District Board Policy,11/1/2022,https://boardpolicyonline.com/bl/?b=onslow&s=1066262,
Orange,K-12 Dual Enrollment inCore Academic Classes,Inclusive,District Board Policy,6/14/2022,https://www.boardpolicyonline.com/bl/?b=orange_county_nc&s=1506966,
Orange,Sports,Inclusive,Website,,https://www.orangecountyfirst.com/our-district-main/athletics-new,
Orange,K-12 Dual Enrollment inCore Academic Classes,Inclusive,Website,,https://www.orangecountyfirst.com/our-district-main/athletics-new,
Orange,Sports,Inclusive,District Board Policy,1/27/2025,https://www.boardpolicyonline.com/bl/?b=orange_county_nc&s=958345,
Pamlico,Driver's Education Course,Inclusive,Website,,https://ncdrivingschool.com/driver-education-for/#hs,
Pamlico,Other,Inclusive,District Board Policy,6/28/2023,https://www.boardpolicyonline.com/bl/?b=pamlico_new&s=1543371,JROTC
Pender,Driver's Education Course,Inclusive,Website,,https://www.pender.k12.nc.us/page/driver-education,
Perquimans,Driver's Education Course,Inclusive,Website,,https://ncdrivingschool.com/driver-education-for/#hs,
Perquimans,Other,Inclusive,District Board Policy,11/25/2024,https://boardpolicyonline.com/bl/?b=perquimans&s=161236,JROTC
Perquimans,Sports,Inclusive,District Board Policy,7/28/2025,https://boardpolicyonline.com/bl/?b=perquimans&s=161212,
Perquimans,K-12 Dual Enrollment inCore Academic Classes,Inclusive,District Board Policy,7/28/2025,https://boardpolicyonline.com/bl/?b=perquimans&s=161212,
Person,Driver's Education Course,Inclusive,Website,,https://www.jdscarolinas.com/person-county-booking,
Person,Free or Reduced Price Meals,Inclusive,Website,,https://www.pcsnc.org/o/personcsva/page/nutrition-program,
Person,Sports,Inclusive,Other,9/23/2022,https://core-docs.s3.amazonaws.com/documents/asset/uploaded_file/3827/personcsva/3162388/PCSVA_Parent_Student_Handbook_2022-2023_rev_9.22.pdf,
Person,K-12 Dual Enrollment inCore Academic Classes,Inclusive,Other,9/23/2022,https://core-docs.s3.amazonaws.com/documents/asset/uploaded_file/3827/personcsva/3162388/PCSVA_Parent_Student_Handbook_2022-2023_rev_9.22.pdf,
Person,Other,Inclusive,District Board Policy,11/14/2024,https://boardpolicyonline.com/?b=person&s=161643,JROTC
Person,Sports,Inclusive,District Board Policy,6/23/2025,https://boardpolicyonline.com/?b=person&s=161622,
Person,K-12 Dual Enrollment inCore Academic Classes,Inclusive,District Board Policy,6/23/2025,https://boardpolicyonline.com/?b=person&s=161622,
Pitt,Driver's Education Course,Inclusive,Website,,https://ncdrivingschool.com/driver-education-for/#hs,
Pitt,Driver's Education Course,Inclusive,Website,,https://ncdrivingschool.com/driver-education-for/#hs,
Pitt,Other Special Needs Services,Inclusive,Website,,https://www.pitt.k12.nc.us/Page/5358,
Pitt,Eligibility Determination/IEP/504 Evaluation,Inclusive,Website,,https://www.pitt.k12.nc.us/Page/5358,
Pitt,K-12 Dual Enrollment inCore Academic Classes,Inclusive,Website,,https://www.pitt.k12.nc.us/site/Default.aspx?PageID=7881,
Pitt,Sports,Inclusive,Other,,https://www.pitt.k12.nc.us/cms/lib/NC01001178/Centricity/Domain/2870/Home%20School%20Participation%20Rules.pdf,
Pitt,K-12 Dual Enrollment inCore Academic Classes,Inclusive,Other,,https://www.pitt.k12.nc.us/cms/lib/NC01001178/Centricity/Domain/2870/Home%20School%20Participation%20Rules.pdf,
Pitt,Other,Inclusive,District Board Policy,9/14/2020,https://www.boardpolicyonline.com/bl/?b=pitt_co&s=1568416,JROTC
Polk,Driver's Education Course,Inclusive,Other,,https://wresa.org/drivers-education-registration/,
Polk,Sports,Inclusive,District Board Policy,,https://boardpolicyonline.com/?b=polk_county&s=173432,no adopted date
Polk,K-12 Dual Enrollment inCore Academic Classes,Inclusive,District Board Policy,,https://boardpolicyonline.com/?b=polk_county&s=173432,no adopted date
Public Schools of Robeson County,Driver's Education Course,Inclusive,Other,,https://core-docs.s3.amazonaws.com/documents/asset/uploaded_file/1545170/Driver_s_Ed_Application.pdf,
Public Schools of Robeson County,Other,Inclusive,District Board Policy,12/10/2024,https://boardpolicyonline.com/?b=robeson&s=179966,JROTC
Public Schools of Robeson County,Sports,Inclusive,District Board Policy,8/12/2025,https://boardpolicyonline.com/?b=robeson&s=179949,
Public Schools of Robeson County,K-12 Dual Enrollment inCore Academic Classes,Inclusive,District Board Policy,8/12/2025,https://boardpolicyonline.com/?b=robeson&s=179949,
Randolph,Driver's Education Course,Inclusive,Other,,https://docs.google.com/document/d/e/2PACX-1vQ7zFI4pktZMNjo2UKq8JaM7yux5WDRIJw1yqr15MiS3SkqD5obAbji61Ah-vD4vMqFCNJSziS7wOKx/pub,
Randolph,K-12 Dual Enrollment inCore Academic Classes,Inclusive,District Board Policy,7/15/2024,https://boardpolicyonline.com/?b=randolph&s=175016,only middle and high school
Richmond,Other,Inclusive,District Board Policy,2/11/2025,https://www.boardpolicyonline.com/bl/?b=richmond&s=1333080,JROTC
Richmond,Sports,Inclusive,District Board Policy,4/8/2025,https://www.boardpolicyonline.com/bl/?b=richmond&s=1333065,
Richmond,K-12 Dual Enrollment inCore Academic Classes,Inclusive,District Board Policy,4/8/2025,https://www.boardpolicyonline.com/bl/?b=richmond&s=1333065,
Roanoke Rapids City,Driver's Education Course,Inclusive,Website,,https://ncdrivingschool.com/driver-education-for/#hs,
Roanoke Rapids City,Driver's Education Course,Inclusive,Website,,https://ncdrivingschool.com/driver-education-for/#hs,
Roanoke Rapids City,Other Special Needs Services,Inclusive,Website,,https://www.rrgsd.org/page/ec-department-private-schools-homeschool,
Roanoke Rapids City,Eligibility Determination/IEP/504 Evaluation,Inclusive,Website,,https://www.rrgsd.org/page/ec-department-private-schools-homeschool,
Roanoke Rapids City,Other,Inclusive,District Board Policy,11/12/2024,https://boardpolicyonline.com/?b=roanoke&s=179578,JROTC
Roanoke Rapids City,Sports,Inclusive,District Board Policy,5/20/2025,https://boardpolicyonline.com/?b=roanoke&s=179562,
Rockingham,Driver's Education Course,Inclusive,Website,,https://www.rock.k12.nc.us/page/drivers-education,
Rockingham,Eligibility Determination/IEP/504 Evaluation,Inclusive,Website,,https://www.rock.k12.nc.us/page/exceptional-children-ec,
Rockingham,K-12 Dual Enrollment inCore Academic Classes,Inclusive,District Board Policy,1/8/2024,https://boardpolicyonline.com/?b=rock&s=766316,
Rockingham,Other,Inclusive,District Board Policy,3/17/2025,https://boardpolicyonline.com/?b=rock&s=180392,JROTC
Rockingham,K-12 Dual Enrollment inCore Academic Classes,Inclusive,District Board Policy,4/11/2025,https://boardpolicyonline.com/?b=rock&s=180347,
Rockingham,Sports,Inclusive,District Board Policy,4/11/2025,https://boardpolicyonline.com/?b=rock&s=180347,
Rowan-Salisbury,Driver's Education Course,Inclusive,Website,,https://www.rssed.org/111562_3,
Rowan-Salisbury,Eligibility Determination/IEP/504 Evaluation,Inclusive,Website,,https://www.rssed.org/36964_4,
Rowan-Salisbury,Sports,Inclusive,District Board Policy,6/27/2024,https://boardpolicyonline.com/bl/?b=rowan_salisbury_new&s=180735,
Rowan-Salisbury,K-12 Dual Enrollment inCore Academic Classes,Inclusive,District Board Policy,6/27/2024,https://boardpolicyonline.com/bl/?b=rowan_salisbury_new&s=180735,
Rutherford,Driver's Education Course,Inclusive,Other,,https://wresa.org/drivers-education-registration/,
Rutherford,Driver's Education Course,Inclusive,Website,,https://chs.rcsnc.org/apps/pages/index.jsp?uREC_ID=1642624&type=d&pREC_ID=1785763,
Rutherford,Sports,Inclusive,District Board Policy,6/30/2025,https://boardpolicyonline.com/bl/?b=rutherford&s=181738,
Rutherford,K-12 Dual Enrollment inCore Academic Classes,Inclusive,District Board Policy,6/30/2025,https://boardpolicyonline.com/bl/?b=rutherford&s=181738,
Rutherford,Sports,Inclusive,District Board Policy,6/26/2018,https://boardpolicyonline.com/bl/?b=rutherford&s=181764,
Rutherford,K-12 Dual Enrollment inCore Academic Classes,Inclusive,District Board Policy,6/26/2018,https://boardpolicyonline.com/bl/?b=rutherford&s=181764,
Sampson,Driver's Education Course,Inclusive,Website,,https://www.sampson.k12.nc.us/page/driver-education-schedule-registration,
Sampson,Other,Inclusive,District Board Policy,1/27/2025,https://boardpolicyonline.com/?b=sampson&s=181031,JROTC
Sampson,Sports,Inclusive,District Board Policy,6/24/2025,https://boardpolicyonline.com/?b=sampson&s=181011,
Scotland,K-12 Dual Enrollment inCore Academic Classes,Inclusive,District Board Policy,1/14/2008,https://boardpolicyonline.com/bl/?b=scotland_county&s=175513,
Scotland,Sports,Inclusive,District Board Policy,3/31/2025,https://boardpolicyonline.com/bl/?b=scotland_county&s=175485,
Scotland,K-12 Dual Enrollment inCore Academic Classes,Inclusive,District Board Policy,3/31/2025,https://boardpolicyonline.com/bl/?b=scotland_county&s=175485,
Stanly,Driver's Education Course,Inclusive,Website,,https://ncdrivingschool.com/driver-education-for/#hs,
Stanly,Driver's Education Course,Inclusive,Website,,https://www.stanlycountyschools.org/apps/pages/index.jsp?uREC_ID=1226436&type=d&pREC_ID=2107245,
Stanly,Other,Inclusive,District Board Policy,1/4/2022,https://boardpolicyonline.com/bl/?b=stanly_new&s=756874,JROTC
Stanly,Sports,Inclusive,District Board Policy,1/17/2023,https://boardpolicyonline.com/bl/?b=stanly_new&s=1127426,
Stanly,K-12 Dual Enrollment inCore Academic Classes,Inclusive,District Board Policy,1/17/2023,https://boardpolicyonline.com/bl/?b=stanly_new&s=1127426,
Stokes,Other,Inclusive,District Board Policy,8/8/2022,https://core-docs.s3.us-east-1.amazonaws.com/documents/asset/uploaded_file/4467/SCS/3844134/4120_DOMICILE_OR_RESIDENCE_REQUIREMENTS.pdf,JROTC
Stokes,Sports,Inclusive,District Board Policy,6/19/2023,https://core-docs.s3.us-east-1.amazonaws.com/documents/asset/uploaded_file/4467/SCS/3844096/3620_12-30-24.pdf,
Stokes,K-12 Dual Enrollment inCore Academic Classes,Inclusive,District Board Policy,6/19/2023,https://core-docs.s3.us-east-1.amazonaws.com/documents/asset/uploaded_file/4467/SCS/3844096/3620_12-30-24.pdf,
Surry,Other Special Needs Services,Inclusive,Website,,https://www.surry.k12.nc.us/page/exceptional-children,
Surry,Eligibility Determination/IEP/504 Evaluation,Inclusive,Website,,https://www.surry.k12.nc.us/page/exceptional-children,
Surry,K-12 Dual Enrollment inCore Academic Classes,Inclusive,Website,,https://www.surry.k12.nc.us/o/soms/page/our-school,
Surry,Other,Inclusive,District Board Policy,1/22/2025,https://go.boarddocs.com/nc/surrync/Board.nsf/goto?open&id=CK5JLC4CCC2D,JROTC
Surry,Proctering/Testing Services,Inclusive,Website,,https://www.surry.k12.nc.us/page/homeschool-partnership,JROTC
Surry,K-12 Dual Enrollment inCore Academic Classes,Inclusive,Website,,https://www.surry.k12.nc.us/page/homeschool-partnership,JROTC
Surry,Sports,Inclusive,Website,,https://www.surry.k12.nc.us/page/homeschool-partnership,JROTC
Surry,Extracurricular Activities,Inclusive,Website,,https://www.surry.k12.nc.us/page/homeschool-partnership,JROTC
Surry,Driver's Education Course,Inclusive,Website,,https://www.surry.k12.nc.us/page/homeschool-partnership,JROTC
Surry,Other,Inclusive,Website,,https://www.surry.k12.nc.us/page/homeschool-partnership,JROTC
Surry,Sports,Inclusive,District Board Policy,7/10/2025,https://go.boarddocs.com/nc/surrync/Board.nsf/goto?open&id=CQLJE44C8DD4,
Surry,K-12 Dual Enrollment inCore Academic Classes,Inclusive,District Board Policy,7/10/2025,https://go.boarddocs.com/nc/surrync/Board.nsf/goto?open&id=CQLJE44C8DD4,
Swain,Driver's Education Course,Inclusive,Other,,https://wresa.org/drivers-education-registration/,
Swain,K-12 Dual Enrollment inCore Academic Classes,Inclusive,District Board Policy,7/17/2023,https://boardpolicyonline.com/bl/?b=swain&s=1548128,
Swain,Sports,Inclusive,District Board Policy,5/12/2025,https://boardpolicyonline.com/bl/?b=swain&s=184053,
Swain,K-12 Dual Enrollment inCore Academic Classes,Inclusive,District Board Policy,5/12/2025,https://boardpolicyonline.com/bl/?b=swain&s=184053,
Thomasville City,Other,Inclusive,District Board Policy,12/10/2024,https://www.boardpolicyonline.com/bl/?b=thomasville&s=184807,JROTC
Thomasville City,Other,Inclusive,District Board Policy,6/3/2025,https://www.boardpolicyonline.com/bl/?b=thomasville&s=184771,Inclusion of grade scores from homeschool
Thomasville City,Sports,Inclusive,District Board Policy,6/3/2025,https://www.boardpolicyonline.com/bl/?b=thomasville&s=184789,
Thomasville City,K-12 Dual Enrollment inCore Academic Classes,Inclusive,District Board Policy,6/3/2025,https://www.boardpolicyonline.com/bl/?b=thomasville&s=184789,
Transylvania,Driver's Education Course,Inclusive,Other,,https://wresa.org/drivers-education-registration/,
Transylvania,Driver's Education Course,Inclusive,Website,,https://www.mtnpro.com/school-classes,
Transylvania,K-12 Dual Enrollment inCore Academic Classes,Inclusive,District Board Policy,3/19/2018,https://boardpolicyonline.com/?b=trans&s=368936,
Transylvania,Other,Inclusive,District Board Policy,6/16/2025,https://boardpolicyonline.com/?b=trans&s=198254,JROTC
Transylvania,Sports,Inclusive,District Board Policy,6/16/2025,https://boardpolicyonline.com/?b=trans&s=185719,
Transylvania,K-12 Dual Enrollment inCore Academic Classes,Inclusive,District Board Policy,6/16/2025,https://boardpolicyonline.com/?b=trans&s=185719,
Tyrrell,Driver's Education Course,Inclusive,Website,,https://ncdrivingschool.com/driver-education-for/#hs,
Tyrrell,Eligibility Determination/IEP/504 Evaluation,Inclusive,Website,,https://www.tyrrell.k12.nc.us/apps/pages/index.jsp?uREC_ID=3923001&type=d&pREC_ID=1684366,
Tyrrell,Other,Inclusive,District Board Policy,7/11/2022,https://boardpolicyonline.com/?b=tyrrell&s=200605,JROTC
Tyrrell,Sports,Inclusive,District Board Policy,5/6/2025,https://boardpolicyonline.com/?b=tyrrell&s=200594,
Union,Driver's Education Course,Inclusive,Website,,https://www.ucps.k12.nc.us/Page/10998,
Union,K-12 Dual Enrollment inCore Academic Classes,Inclusive,Website,,https://www.ucps.k12.nc.us/Page/4645,
Union,Other,Inclusive,District Board Policy,7/12/2022,https://go.boarddocs.com/nc/ucps/Board.nsf/goto?open&id=CK4UKH7C6FF3,JROTC
Union,Other,Inclusive,Website,,https://www.ucps.k12.nc.us/domain/2354,JROTC
Vance,Extracurricular Activities,Inclusive,Website,,https://www.vcs.k12.nc.us/community/homeschool-information,
Vance,K-12 Dual Enrollment inCore Academic Classes,Inclusive,Website,,https://www.vcs.k12.nc.us/community/homeschool-information,
Vance,Other,Inclusive,District Board Policy,3/10/2025,https://boardpolicyonline.com/?b=vance_new&s=186169,JROTC
Vance,Other Special Needs Services,Inclusive,Website,,https://www.vcs.k12.nc.us/community/homeschool-information,
Vance,Sports,Inclusive,District Board Policy,6/9/2025,https://boardpolicyonline.com/?b=vance_new&s=186152,
Vance,K-12 Dual Enrollment inCore Academic Classes,Inclusive,District Board Policy,6/9/2025,https://boardpolicyonline.com/?b=vance_new&s=186152,
Wake,Eligibility Determination/IEP/504 Evaluation,Inclusive,Website,,https://www.wcpss.net/Page/19079,
Warren,Driver's Education Course,Inclusive,Website,,https://ncdrivingschool.com/driver-education-for/#hs,
Warren,Other,Inclusive,District Board Policy,1/14/2025,https://boardpolicyonline.com/bl/?b=warren&s=186778,JROTC
Warren,Sports,Inclusive,District Board Policy,6/10/2025,https://boardpolicyonline.com/bl/?b=warren&s=186760,
Warren,K-12 Dual Enrollment inCore Academic Classes,Inclusive,District Board Policy,6/10/2025,https://boardpolicyonline.com/bl/?b=warren&s=186760,
Washington,Driver's Education Course,Inclusive,Website,,https://ncdrivingschool.com/driver-education-for/#hs,
Washington,Other,Inclusive,District Board Policy,1/14/2025,https://boardpolicyonline.com/?b=washington&s=187536,JROTC
Washington,Sports,Inclusive,District Board Policy,6/30/2025,https://boardpolicyonline.com/?b=washington&s=187517,
Watauga,Driver's Education Course,Inclusive,Website,,https://ncdrivingschool.com/driver-education-for/#hs,
Watauga,K-12 Dual Enrollment inCore Academic Classes,Inclusive,Website,,https://docs.google.com/document/d/19rkW18XnYiHApXzfzjSLttlzBHFIx9a1jEa8lPGfgFs/edit?usp=sharing,
Watauga,K-12 Dual Enrollment inCore Academic Classes,Inclusive,Website,,https://sites.google.com/wataugaschools.org/whsstudentservices/home/cross-enrollment?authuser=0,
Watauga,Other,Inclusive,District Board Policy,11/12/2024,https://resources.finalsite.net/images/v1731451144/wataugaschoolsorg/qeb1zgvlhpugyz8kcxzy/4120DomicileorResidenceRequirementsUpdated111224.pdf,JROTC
Watauga,Sports,Inclusive,District Board Policy,11/12/2024,https://www.wataugaschools.org/fs/resource-manager/view/99b71ed6-7ebc-4a79-ba86-52da3669e3bd,
Watauga,K-12 Dual Enrollment inCore Academic Classes,Inclusive,District Board Policy,11/12/2024,https://www.wataugaschools.org/fs/resource-manager/view/99b71ed6-7ebc-4a79-ba86-52da3669e3bd,
Wayne,Driver's Education Course,Inclusive,Website,1/7/2025,https://www.waynecountyschools.org/o/charlesbaycockhigh/article/1949597,
Wayne,Other,Inclusive,District Board Policy,3/19/2025,https://boardpolicyonline.com/?b=wayne_county&s=187920,JROTC
Wayne,Sports,Inclusive,District Board Policy,7/7/2025,https://boardpolicyonline.com/?b=wayne_county&s=187898,
Wayne,K-12 Dual Enrollment inCore Academic Classes,Inclusive,District Board Policy,7/7/2025,https://boardpolicyonline.com/?b=wayne_county&s=187898,
Weldon City,Driver's Education Course,Inclusive,Website,,https://ncdrivingschool.com/driver-education-for/#hs,
Weldon City,Other,Inclusive,District Board Policy,8/19/2025,https://boardpolicyonline.com/?b=weldon&s=188369,JROTC
Weldon City,Sports,Inclusive,District Board Policy,8/19/2025,https://boardpolicyonline.com/?b=weldon&s=188351,
Weldon City,K-12 Dual Enrollment inCore Academic Classes,Inclusive,District Board Policy,8/19/2025,https://boardpolicyonline.com/?b=weldon&s=188351,
Whiteville City,Driver's Education Course,Inclusive,Website,,https://ncdrivingschool.com/driver-education-for/#hs,
Whiteville City,Other,Inclusive,District Board Policy,6/22/2022,https://drive.google.com/drive/folders/0B8faN2KxbAxkZUlRQzRSTGFhUkU?resourcekey=0-ztNCH67q2uNux5t0hPL5UQ,4120 Domicile - JROTC
Whiteville City,Sports,Inclusive,District Board Policy,5/12/2025,https://drive.google.com/drive/folders/0B8faN2KxbAxkanowOUh6dERYdXM?resourcekey=0-P0LwyLvlHIyoo_qi1X_wqw,3620 Extracurricular Activities. They have not accepted a clear policy and still have the boilerplate options present.
Whiteville City,K-12 Dual Enrollment inCore Academic Classes,Inclusive,District Board Policy,5/12/2025,https://drive.google.com/drive/folders/0B8faN2KxbAxkanowOUh6dERYdXM?resourcekey=0-P0LwyLvlHIyoo_qi1X_wqw,3620 Extracurricular Activities. They have not accepted a clear policy and still have the boilerplate options present.
Wilkes,Driver's Education Course,Inclusive,District Board Policy,6/21/2024,https://www.wilkescountyschools.org/apps/pages/index.jsp?uREC_ID=1030025&type=d&pREC_ID=1333752,
Wilkes,Sports,Inclusive,District Board Policy,12/2/2019,https://www.wilkescountyschools.org/apps/pages/index.jsp?uREC_ID=1030025&type=d&pREC_ID=1813524,
Wilkes,K-12 Dual Enrollment inCore Academic Classes,Inclusive,District Board Policy,12/2/2019,https://www.wilkescountyschools.org/apps/pages/index.jsp?uREC_ID=1030025&type=d&pREC_ID=1813524,
Wilson,Other,Inclusive,District Board Policy,12/13/2021,https://boardpolicyonline.com/bl/?b=wilson_new&s=907214,JROTC
Wilson,Sports,Inclusive,District Board Policy,6/9/2025,https://boardpolicyonline.com/bl/?b=wilson_new&s=802774,
Wilson,K-12 Dual Enrollment inCore Academic Classes,Inclusive,District Board Policy,6/9/2025,https://boardpolicyonline.com/bl/?b=wilson_new&s=802774,
Winston Salem & Forsyth County,Driver's Education Course,Inclusive,Website,,https://ncdrivingschool.com/driver-education-for/#hs,
Winston Salem & Forsyth County,K-12 Dual Enrollment inCore Academic Classes,Inclusive,District Board Policy,12/1/2024,https://www.boardpolicyonline.com/bl/?b=forsyth&s=190961,
Yadkin,Driver's Education Course,Inclusive,Website,,https://www.yadkin.k12.nc.us/page/drivers-education,
Yadkin,K-12 Dual Enrollment inCore Academic Classes,Inclusive,District Board Policy,12/4/2017,https://go.boarddocs.com/nc/yadkin/Board.nsf/goto?open&id=AZYTTZ7931CF,
Yadkin,Other,Inclusive,District Board Policy,12/2/2024,https://go.boarddocs.com/nc/yadkin/Board.nsf/goto?open&id=DAJPYX66F78E,JROTC
Yadkin,Sports,Inclusive,District Board Policy,6/30/2025,https://go.boarddocs.com/nc/yadkin/Board.nsf/goto?open&id=DJPNYF6234F6,
Yadkin,K-12 Dual Enrollment inCore Academic Classes,Inclusive,District Board Policy,6/30/2025,https://go.boarddocs.com/nc/yadkin/Board.nsf/goto?open&id=DJPNYF6234F6,
Yancey,Driver's Education Course,Inclusive,Other,,https://wresa.org/drivers-education-registration/,
Yancey,Other,Inclusive,District Board Policy,,https://docs.google.com/document/d/0ByiYdWbdxMg8NmRueHhLN2FMcGM/edit?usp=sharing&ouid=101119868691209483437&resourcekey=0-MUJ93yUNRWdipxM8sEBwtg&rtpof=true&sd=true,JROTC (doc is not accessible)
Yancey,Extracurricular Activities,Inclusive,District Board Policy,10/21/2024,https://docs.google.com/document/d/1U651-UCqC-CmvDsuaGXARthiHfcHwQWF41oJfyoq6t4/edit?usp=sharing,
Yancey,Sports,Inclusive,District Board Policy,10/21/2024,https://docs.google.com/document/d/1U651-UCqC-CmvDsuaGXARthiHfcHwQWF41oJfyoq6t4/edit?usp=sharing,
Yancey,K-12 Dual Enrollment inCore Academic Classes,Inclusive,District Board Policy,10/21/2024,https://docs.google.com/document/d/1U651-UCqC-CmvDsuaGXARthiHfcHwQWF41oJfyoq6t4/edit?usp=sharing,
Federal,Other,Inclusive,Other,3/14/2024,https://www.esd.whs.mil/Portals/54/Documents/DD/issuances/dodi/120513p.pdf#page=14.72,JROTC
State,Free or Reduced Price Meals,Inclusive,Website,,https://www.ncdhhs.gov/sunbucks#DoesmychildqualifyforSUNBucks-5657,
Federal,Eligibility Determination/IEP/504 Evaluation,Inclusive,Other,,https://sites.ed.gov/idea/files/rts-qa-child-find-part-b-08-24-2021.pdf,
Federal,Other,Inclusive,Website,,https://www.congress.gov/bill/119th-congress/house-bill/1/text,Funding
Federal,Other,Inclusive,Website,,https://www.dodea.edu/non-dod-schools/home-study-virtual-education#reimbursement,Funding
Federal,Other,Inclusive,Website,,https://allowances.state.gov/default.asp,Funding
State,Driver's Education Course,Inclusive,Other,,https://www.ncleg.net/enactedlegislation/statutes/html/bysection/chapter_20/gs_20-11.html,
State,Sports,Inclusive,Other,,https://simbli.eboardsolutions.com/Policy/ViewPolicy.aspx?S=10399&revid=SHJJPSHi0slshvt629V9aZfaQ%3d%3d&ptid=muNUlKiR2jsXcslsh28JpBkiw%3d%3d&secid=pbtslshMlhL0a2Hzs2JBV9yHA%3d%3d&isPndg=&PG=6,
State,Proctering/Testing Services,Inclusive,Other,,https://www.ncleg.gov/Sessions/2023/Bills/House/PDF/H259v6.pdf,
State,Sports,Inclusive,Other,,https://www.nchsaa.org/handbook/,
State,Driver's Education Course,Inclusive,Other,,https://www.ncleg.gov/EnactedLegislation/Statutes/PDF/BySection/Chapter_115c/GS_115C-215.pdf,
State,Other,Inclusive,Website,,https://k12.ncseaa.edu/the-education-student-accounts/current-families/home-school-families/,Funding
State,Other Special Needs Services,Inclusive,Website,,https://k12.ncseaa.edu/the-education-student-accounts/current-families/home-school-families/,Funding